"dataset","method","setting","attempted_folds","successful_folds","failed_folds","accuracy","correct","status","first_error_message","method_group"
"baby","LDA.orig","supervised",247,247,0,0.781376518218624,193,"OK",NA,"Original representation"
"baby","SVM.orig","supervised",247,247,0,0.740890688259109,183,"OK",NA,"Original representation"
"baby","DD.alpha","supervised",247,247,0,0.793522267206478,196,"OK",NA,"DD classifier"
"baby","LDA.DD","supervised",247,247,0,0.680161943319838,168,"OK",NA,"DD features"
"baby","SVM.DD","supervised",247,247,0,0.651821862348178,161,"OK",NA,"DD features"
"baby","LDA.poly","supervised",247,247,0,0.712550607287449,176,"OK",NA,"DD + polynomial features"
"baby","SVM.poly","supervised",247,247,0,0.651821862348178,161,"OK",NA,"DD + polynomial features"
"baby","SSL.orig","semi_supervised",247,247,0,0.692307692307692,171,"OK",NA,"Original representation"
"baby","SSL.DD","semi_supervised",247,247,0,0.716599190283401,177,"OK",NA,"DD features"
"baby","SSL.poly","semi_supervised",247,247,0,0.716599190283401,177,"OK",NA,"DD + polynomial features"
"banknoten","LDA.orig","supervised",200,200,0,0.995,199,"OK",NA,"Original representation"
"banknoten","SVM.orig","supervised",200,200,0,0.99,198,"OK",NA,"Original representation"
"banknoten","DD.alpha","supervised",200,200,0,0.995,199,"OK",NA,"DD classifier"
"banknoten","SVM.DD","supervised",200,200,0,0.135,27,"OK",NA,"DD features"
"banknoten","SVM.poly","supervised",200,200,0,0,0,"OK",NA,"DD + polynomial features"
"banknoten","SSL.orig","semi_supervised",200,200,0,0.985,197,"OK",NA,"Original representation"
"banknoten","SSL.DD","semi_supervised",200,200,0,0.7,140,"OK",NA,"DD features"
"banknoten","SSL.poly","semi_supervised",200,200,0,0.675,135,"OK",NA,"DD + polynomial features"
"biomed","LDA.orig","supervised",194,194,0,0.84020618556701,163,"OK",NA,"Original representation"
"biomed","SVM.orig","supervised",194,194,0,0.876288659793814,170,"OK",NA,"Original representation"
"biomed","DD.alpha","supervised",194,194,0,0.865979381443299,168,"OK",NA,"DD classifier"
"biomed","LDA.DD","supervised",194,194,0,0.742268041237113,144,"OK",NA,"DD features"
"biomed","SVM.DD","supervised",194,194,0,0.654639175257732,127,"OK",NA,"DD features"
"biomed","LDA.poly","supervised",194,194,0,0.778350515463918,151,"OK",NA,"DD + polynomial features"
"biomed","SVM.poly","supervised",194,194,0,0.654639175257732,127,"OK",NA,"DD + polynomial features"
"biomed","SSL.orig","semi_supervised",194,194,0,0.850515463917526,165,"OK",NA,"Original representation"
"biomed","SSL.DD","semi_supervised",194,194,0,0.788659793814433,153,"OK",NA,"DD features"
"biomed","SSL.poly","semi_supervised",194,194,0,0.788659793814433,153,"OK",NA,"DD + polynomial features"
"bloodtransfusion","LDA.orig","supervised",748,748,0,0.771390374331551,577,"OK",NA,"Original representation"
"bloodtransfusion","SVM.orig","supervised",748,748,0,0.782085561497326,585,"OK",NA,"Original representation"
"bloodtransfusion","DD.alpha","supervised",748,748,0,0.782085561497326,585,"OK",NA,"DD classifier"
"bloodtransfusion","LDA.DD","supervised",748,748,0,0.775401069518717,580,"OK",NA,"DD features"
"bloodtransfusion","SVM.DD","supervised",748,748,0,0.762032085561497,570,"OK",NA,"DD features"
"bloodtransfusion","LDA.poly","supervised",748,748,0,0.770053475935829,576,"OK",NA,"DD + polynomial features"
"bloodtransfusion","SVM.poly","supervised",748,748,0,0.762032085561497,570,"OK",NA,"DD + polynomial features"
"bloodtransfusion","SSL.orig","semi_supervised",748,748,0,0.799465240641711,598,"OK",NA,"Original representation"
"bloodtransfusion","SSL.DD","semi_supervised",748,748,0,0.780748663101604,584,"OK",NA,"DD features"
"bloodtransfusion","SSL.poly","semi_supervised",748,748,0,0.766042780748663,573,"OK",NA,"DD + polynomial features"
"breast_cancer_wisconsin","LDA.orig","supervised",699,699,0,0.959942775393419,671,"OK",NA,"Original representation"
"breast_cancer_wisconsin","SVM.orig","supervised",699,699,0,0.967095851216023,676,"OK",NA,"Original representation"
"breast_cancer_wisconsin","DD.alpha","supervised",699,699,0,0.959942775393419,671,"OK",NA,"DD classifier"
"breast_cancer_wisconsin","LDA.DD","supervised",699,699,0,0.738197424892704,516,"OK",NA,"DD features"
"breast_cancer_wisconsin","SVM.DD","supervised",699,699,0,0.655221745350501,458,"OK",NA,"DD features"
"breast_cancer_wisconsin","SVM.poly","supervised",699,699,0,0.655221745350501,458,"OK",NA,"DD + polynomial features"
"breast_cancer_wisconsin","SSL.orig","semi_supervised",699,699,0,0.892703862660944,624,"OK",NA,"Original representation"
"breast_cancer_wisconsin","SSL.DD","semi_supervised",699,699,0,0.78826895565093,551,"OK",NA,"DD features"
"breast_cancer_wisconsin","SSL.poly","semi_supervised",699,699,0,0.785407725321888,549,"OK",NA,"DD + polynomial features"
"bupa","LDA.orig","supervised",345,345,0,0.692753623188406,239,"OK",NA,"Original representation"
"bupa","SVM.orig","supervised",345,345,0,0.695652173913043,240,"OK",NA,"Original representation"
"bupa","DD.alpha","supervised",345,345,0,0.695652173913043,240,"OK",NA,"DD classifier"
"bupa","LDA.DD","supervised",345,345,0,0.64927536231884,224,"OK",NA,"DD features"
"bupa","SVM.DD","supervised",345,345,0,0.579710144927536,200,"OK",NA,"DD features"
"bupa","LDA.poly","supervised",345,345,0,0.663768115942029,229,"OK",NA,"DD + polynomial features"
"bupa","SVM.poly","supervised",345,345,0,0.579710144927536,200,"OK",NA,"DD + polynomial features"
"bupa","SSL.orig","semi_supervised",345,345,0,0.67536231884058,233,"OK",NA,"Original representation"
"bupa","SSL.DD","semi_supervised",345,345,0,0.678260869565217,234,"OK",NA,"DD features"
"bupa","SSL.poly","semi_supervised",345,345,0,0.669565217391304,231,"OK",NA,"DD + polynomial features"
"chemdiab_1vs2","LDA.orig","supervised",112,112,0,0.964285714285714,108,"OK",NA,"Original representation"
"chemdiab_1vs2","SVM.orig","supervised",112,112,0,0.9375,105,"OK",NA,"Original representation"
"chemdiab_1vs2","DD.alpha","supervised",112,112,0,0.964285714285714,108,"OK",NA,"DD classifier"
"chemdiab_1vs2","LDA.DD","supervised",112,74,38,0.567567567567568,42,"PARTIAL","No valid DD columns for LDA after removing within-class constants.","DD features"
"chemdiab_1vs2","SVM.DD","supervised",112,112,0,0.678571428571429,76,"OK",NA,"DD features"
"chemdiab_1vs2","LDA.poly","supervised",112,74,38,0.675675675675676,50,"PARTIAL","No valid DD-poly columns for LDA after removing within-class constants.","DD + polynomial features"
"chemdiab_1vs2","SVM.poly","supervised",112,112,0,0.678571428571429,76,"OK",NA,"DD + polynomial features"
"chemdiab_1vs2","SSL.orig","semi_supervised",112,112,0,0.910714285714286,102,"OK",NA,"Original representation"
"chemdiab_1vs2","SSL.DD","semi_supervised",112,112,0,0.758928571428571,85,"OK",NA,"DD features"
"chemdiab_1vs2","SSL.poly","semi_supervised",112,112,0,0.732142857142857,82,"OK",NA,"DD + polynomial features"
"chemdiab_1vs3","LDA.orig","supervised",69,69,0,0.898550724637681,62,"OK",NA,"Original representation"
"chemdiab_1vs3","SVM.orig","supervised",69,69,0,0.898550724637681,62,"OK",NA,"Original representation"
"chemdiab_1vs3","DD.alpha","supervised",69,69,0,0.898550724637681,62,"OK",NA,"DD classifier"
"chemdiab_1vs3","SVM.DD","supervised",69,69,0,0.521739130434783,36,"OK",NA,"DD features"
"chemdiab_1vs3","SVM.poly","supervised",69,69,0,0.521739130434783,36,"OK",NA,"DD + polynomial features"
"chemdiab_1vs3","SSL.orig","semi_supervised",69,69,0,0.91304347826087,63,"OK",NA,"Original representation"
"chemdiab_1vs3","SSL.DD","semi_supervised",69,69,0,0.652173913043478,45,"OK",NA,"DD features"
"chemdiab_1vs3","SSL.poly","semi_supervised",69,69,0,0.63768115942029,44,"OK",NA,"DD + polynomial features"
"chemdiab_2vs3","LDA.orig","supervised",109,109,0,0.963302752293578,105,"OK",NA,"Original representation"
"chemdiab_2vs3","SVM.orig","supervised",109,109,0,0.954128440366973,104,"OK",NA,"Original representation"
"chemdiab_2vs3","DD.alpha","supervised",109,109,0,0.963302752293578,105,"OK",NA,"DD classifier"
"chemdiab_2vs3","SVM.DD","supervised",109,109,0,0.697247706422018,76,"OK",NA,"DD features"
"chemdiab_2vs3","SVM.poly","supervised",109,109,0,0.697247706422018,76,"OK",NA,"DD + polynomial features"
"chemdiab_2vs3","SSL.orig","semi_supervised",109,109,0,0.954128440366973,104,"OK",NA,"Original representation"
"chemdiab_2vs3","SSL.DD","semi_supervised",109,109,0,0.825688073394495,90,"OK",NA,"DD features"
"chemdiab_2vs3","SSL.poly","semi_supervised",109,109,0,0.81651376146789,89,"OK",NA,"DD + polynomial features"
"cloud","LDA.orig","supervised",108,108,0,0.453703703703704,49,"OK",NA,"Original representation"
"cloud","SVM.orig","supervised",108,108,0,0.518518518518518,56,"OK",NA,"Original representation"
"cloud","DD.alpha","supervised",108,108,0,0.462962962962963,50,"OK",NA,"DD classifier"
"cloud","LDA.DD","supervised",108,108,0,0.509259259259259,55,"OK",NA,"DD features"
"cloud","SVM.DD","supervised",108,108,0,0,0,"OK",NA,"DD features"
"cloud","LDA.poly","supervised",108,108,0,0.509259259259259,55,"OK",NA,"DD + polynomial features"
"cloud","SVM.poly","supervised",108,108,0,0,0,"OK",NA,"DD + polynomial features"
"cloud","SSL.orig","semi_supervised",108,108,0,0.481481481481481,52,"OK",NA,"Original representation"
"cloud","SSL.DD","semi_supervised",108,108,0,0.518518518518518,56,"OK",NA,"DD features"
"cloud","SSL.poly","semi_supervised",108,108,0,0.537037037037037,58,"OK",NA,"DD + polynomial features"
"crabB_MvsF","LDA.orig","supervised",100,100,0,0.91,91,"OK",NA,"Original representation"
"crabB_MvsF","SVM.orig","supervised",100,100,0,0.86,86,"OK",NA,"Original representation"
"crabB_MvsF","DD.alpha","supervised",100,100,0,0.92,92,"OK",NA,"DD classifier"
"crabB_MvsF","LDA.DD","supervised",100,99,1,0.717171717171717,71,"PARTIAL","No valid DD columns for LDA after removing within-class constants.","DD features"
"crabB_MvsF","SVM.DD","supervised",100,100,0,0.08,8,"OK",NA,"DD features"
"crabB_MvsF","LDA.poly","supervised",100,99,1,0.797979797979798,79,"PARTIAL","No valid DD-poly columns for LDA after removing within-class constants.","DD + polynomial features"
"crabB_MvsF","SVM.poly","supervised",100,100,0,0,0,"OK",NA,"DD + polynomial features"
"crabB_MvsF","SSL.orig","semi_supervised",100,100,0,0.91,91,"OK",NA,"Original representation"
"crabB_MvsF","SSL.DD","semi_supervised",100,100,0,0.8,80,"OK",NA,"DD features"
"crabB_MvsF","SSL.poly","semi_supervised",100,100,0,0.8,80,"OK",NA,"DD + polynomial features"
"crabF_BvsO","LDA.orig","supervised",100,100,0,1,100,"OK",NA,"Original representation"
"crabF_BvsO","SVM.orig","supervised",100,100,0,0.86,86,"OK",NA,"Original representation"
"crabF_BvsO","DD.alpha","supervised",100,100,0,1,100,"OK",NA,"DD classifier"
"crabF_BvsO","SVM.DD","supervised",100,100,0,0.01,1,"OK",NA,"DD features"
"crabF_BvsO","SVM.poly","supervised",100,100,0,0,0,"OK",NA,"DD + polynomial features"
"crabF_BvsO","SSL.orig","semi_supervised",100,100,0,0.95,95,"OK",NA,"Original representation"
"crabF_BvsO","SSL.DD","semi_supervised",100,100,0,0.82,82,"OK",NA,"DD features"
"crabF_BvsO","SSL.poly","semi_supervised",100,100,0,0.82,82,"OK",NA,"DD + polynomial features"
"crabM_BvsO","LDA.orig","supervised",100,100,0,1,100,"OK",NA,"Original representation"
"crabM_BvsO","SVM.orig","supervised",100,100,0,0.95,95,"OK",NA,"Original representation"
"crabM_BvsO","DD.alpha","supervised",100,100,0,1,100,"OK",NA,"DD classifier"
"crabM_BvsO","SVM.DD","supervised",100,100,0,0.15,15,"OK",NA,"DD features"
"crabM_BvsO","SVM.poly","supervised",100,100,0,0,0,"OK",NA,"DD + polynomial features"
"crabM_BvsO","SSL.orig","semi_supervised",100,100,0,0.96,96,"OK",NA,"Original representation"
"crabM_BvsO","SSL.DD","semi_supervised",100,100,0,0.75,75,"OK",NA,"DD features"
"crabM_BvsO","SSL.poly","semi_supervised",100,100,0,0.72,72,"OK",NA,"DD + polynomial features"
"crabO_MvsF","LDA.orig","supervised",100,100,0,0.97,97,"OK",NA,"Original representation"
"crabO_MvsF","SVM.orig","supervised",100,100,0,0.93,93,"OK",NA,"Original representation"
"crabO_MvsF","DD.alpha","supervised",100,100,0,0.97,97,"OK",NA,"DD classifier"
"crabO_MvsF","SVM.DD","supervised",100,100,0,0.12,12,"OK",NA,"DD features"
"crabO_MvsF","SVM.poly","supervised",100,100,0,0,0,"OK",NA,"DD + polynomial features"
"crabO_MvsF","SSL.orig","semi_supervised",100,100,0,0.96,96,"OK",NA,"Original representation"
"crabO_MvsF","SSL.DD","semi_supervised",100,100,0,0.76,76,"OK",NA,"DD features"
"crabO_MvsF","SSL.poly","semi_supervised",100,100,0,0.69,69,"OK",NA,"DD + polynomial features"
"crab_BvsO","LDA.orig","supervised",200,200,0,1,200,"OK",NA,"Original representation"
"crab_BvsO","SVM.orig","supervised",200,200,0,0.955,191,"OK",NA,"Original representation"
"crab_BvsO","DD.alpha","supervised",200,200,0,1,200,"OK",NA,"DD classifier"
"crab_BvsO","LDA.DD","supervised",200,24,176,0.625,15,"PARTIAL","No valid DD columns for LDA after removing within-class constants.","DD features"
"crab_BvsO","SVM.DD","supervised",200,200,0,0.585,117,"OK",NA,"DD features"
"crab_BvsO","LDA.poly","supervised",200,17,183,0.823529411764706,14,"PARTIAL","No valid DD-poly columns for LDA after removing within-class constants.","DD + polynomial features"
"crab_BvsO","SVM.poly","supervised",200,200,0,0,0,"OK",NA,"DD + polynomial features"
"crab_BvsO","SSL.orig","semi_supervised",200,200,0,0.985,197,"OK",NA,"Original representation"
"crab_BvsO","SSL.DD","semi_supervised",200,200,0,0.835,167,"OK",NA,"DD features"
"crab_BvsO","SSL.poly","semi_supervised",200,200,0,0.83,166,"OK",NA,"DD + polynomial features"
"crab_MvsF","LDA.orig","supervised",200,200,0,0.96,192,"OK",NA,"Original representation"
"crab_MvsF","SVM.orig","supervised",200,200,0,0.925,185,"OK",NA,"Original representation"
"crab_MvsF","DD.alpha","supervised",200,200,0,0.955,191,"OK",NA,"DD classifier"
"crab_MvsF","LDA.DD","supervised",200,200,0,0.735,147,"OK",NA,"DD features"
"crab_MvsF","SVM.DD","supervised",200,200,0,0.445,89,"OK",NA,"DD features"
"crab_MvsF","LDA.poly","supervised",200,188,12,0.75,141,"PARTIAL","variable 5 appears to be constant within groups","DD + polynomial features"
"crab_MvsF","SVM.poly","supervised",200,200,0,0,0,"OK",NA,"DD + polynomial features"
"crab_MvsF","SSL.orig","semi_supervised",200,200,0,0.95,190,"OK",NA,"Original representation"
"crab_MvsF","SSL.DD","semi_supervised",200,200,0,0.74,148,"OK",NA,"DD features"
"crab_MvsF","SSL.poly","semi_supervised",200,200,0,0.79,158,"OK",NA,"DD + polynomial features"
"cricket_CvsP","LDA.orig","supervised",156,156,0,0.314102564102564,49,"OK",NA,"Original representation"
"cricket_CvsP","SVM.orig","supervised",156,156,0,0.0833333333333333,13,"OK",NA,"Original representation"
"cricket_CvsP","DD.alpha","supervised",156,156,0,0.326923076923077,51,"OK",NA,"DD classifier"
"cricket_CvsP","LDA.DD","supervised",156,156,0,0.397435897435897,62,"OK",NA,"DD features"
"cricket_CvsP","SVM.DD","supervised",156,156,0,0,0,"OK",NA,"DD features"
"cricket_CvsP","LDA.poly","supervised",156,156,0,0.378205128205128,59,"OK",NA,"DD + polynomial features"
"cricket_CvsP","SVM.poly","supervised",156,156,0,0,0,"OK",NA,"DD + polynomial features"
"cricket_CvsP","SSL.orig","semi_supervised",156,156,0,0.17948717948718,28,"OK",NA,"Original representation"
"cricket_CvsP","SSL.DD","semi_supervised",156,156,0,0.384615384615385,60,"OK",NA,"DD features"
"cricket_CvsP","SSL.poly","semi_supervised",156,156,0,0.384615384615385,60,"OK",NA,"DD + polynomial features"
"ecoli_cpvsim","LDA.orig","supervised",220,220,0,0.986363636363636,217,"OK",NA,"Original representation"
"ecoli_cpvsim","SVM.orig","supervised",220,220,0,0.977272727272727,215,"OK",NA,"Original representation"
"ecoli_cpvsim","DD.alpha","supervised",220,220,0,0.981818181818182,216,"OK",NA,"DD classifier"
"ecoli_cpvsim","LDA.DD","supervised",220,220,0,0.813636363636364,179,"OK",NA,"DD features"
"ecoli_cpvsim","SVM.DD","supervised",220,220,0,0.65,143,"OK",NA,"DD features"
"ecoli_cpvsim","LDA.poly","supervised",220,2,218,0.5,1,"PARTIAL","variable 5 appears to be constant within groups","DD + polynomial features"
"ecoli_cpvsim","SVM.poly","supervised",220,220,0,0.65,143,"OK",NA,"DD + polynomial features"
"ecoli_cpvsim","SSL.orig","semi_supervised",220,220,0,0.963636363636364,212,"OK",NA,"Original representation"
"ecoli_cpvsim","SSL.DD","semi_supervised",220,220,0,0.840909090909091,185,"OK",NA,"DD features"
"ecoli_cpvsim","SSL.poly","semi_supervised",220,220,0,0.845454545454545,186,"OK",NA,"DD + polynomial features"
"ecoli_cpvspp","LDA.orig","supervised",195,195,0,0.969230769230769,189,"OK",NA,"Original representation"
"ecoli_cpvspp","SVM.orig","supervised",195,195,0,0.958974358974359,187,"OK",NA,"Original representation"
"ecoli_cpvspp","DD.alpha","supervised",195,195,0,0.953846153846154,186,"OK",NA,"DD classifier"
"ecoli_cpvspp","LDA.DD","supervised",195,195,0,0.794871794871795,155,"OK",NA,"DD features"
"ecoli_cpvspp","SVM.DD","supervised",195,195,0,0.733333333333333,143,"OK",NA,"DD features"
"ecoli_cpvspp","LDA.poly","supervised",195,195,0,0.825641025641026,161,"OK",NA,"DD + polynomial features"
"ecoli_cpvspp","SVM.poly","supervised",195,195,0,0.733333333333333,143,"OK",NA,"DD + polynomial features"
"ecoli_cpvspp","SSL.orig","semi_supervised",195,195,0,0.938461538461538,183,"OK",NA,"Original representation"
"ecoli_cpvspp","SSL.DD","semi_supervised",195,195,0,0.825641025641026,161,"OK",NA,"DD features"
"ecoli_cpvspp","SSL.poly","semi_supervised",195,195,0,0.825641025641026,161,"OK",NA,"DD + polynomial features"
"ecoli_imvspp","LDA.orig","supervised",129,129,0,0.945736434108527,122,"OK",NA,"Original representation"
"ecoli_imvspp","SVM.orig","supervised",129,129,0,0.968992248062015,125,"OK",NA,"Original representation"
"ecoli_imvspp","DD.alpha","supervised",129,129,0,0.945736434108527,122,"OK",NA,"DD classifier"
"ecoli_imvspp","LDA.DD","supervised",129,13,116,0.538461538461538,7,"PARTIAL","No valid DD columns for LDA after removing within-class constants.","DD features"
"ecoli_imvspp","SVM.DD","supervised",129,129,0,0.596899224806202,77,"OK",NA,"DD features"
"ecoli_imvspp","LDA.poly","supervised",129,13,116,0.538461538461538,7,"PARTIAL","No valid DD-poly columns for LDA after removing within-class constants.","DD + polynomial features"
"ecoli_imvspp","SVM.poly","supervised",129,129,0,0.596899224806202,77,"OK",NA,"DD + polynomial features"
"ecoli_imvspp","SSL.orig","semi_supervised",129,129,0,0.976744186046512,126,"OK",NA,"Original representation"
"ecoli_imvspp","SSL.DD","semi_supervised",129,129,0,0.75968992248062,98,"OK",NA,"DD features"
"ecoli_imvspp","SSL.poly","semi_supervised",129,129,0,0.744186046511628,96,"OK",NA,"DD + polynomial features"
"gemsen_MvsF","LDA.orig","supervised",1349,1349,0,0.808747220163084,1091,"OK",NA,"Original representation"
"gemsen_MvsF","SVM.orig","supervised",1349,1349,0,0.905114899925871,1221,"OK",NA,"Original representation"
"gemsen_MvsF","DD.alpha","supervised",1349,1349,0,0.849518161601186,1146,"OK",NA,"DD classifier"
"gemsen_MvsF","LDA.DD","supervised",1349,1349,0,0.714603409933284,964,"OK",NA,"DD features"
"gemsen_MvsF","SVM.DD","supervised",1349,1349,0,0.592290585618977,799,"OK",NA,"DD features"
"gemsen_MvsF","LDA.poly","supervised",1349,1349,0,0.771682727946627,1041,"OK",NA,"DD + polynomial features"
"gemsen_MvsF","SVM.poly","supervised",1349,1349,0,0.59006671608599,796,"OK",NA,"DD + polynomial features"
"gemsen_MvsF","SSL.orig","semi_supervised",1349,1349,0,0.914010378057821,1233,"OK",NA,"Original representation"
"gemsen_MvsF","SSL.DD","semi_supervised",1349,1349,0,0.822831727205337,1110,"OK",NA,"DD features"
"gemsen_MvsF","SSL.poly","semi_supervised",1349,1349,0,0.819866567828021,1106,"OK",NA,"DD + polynomial features"
"glass","LDA.orig","supervised",146,146,0,0.726027397260274,106,"OK",NA,"Original representation"
"glass","SVM.orig","supervised",146,146,0,0.773972602739726,113,"OK",NA,"Original representation"
"glass","DD.alpha","supervised",146,146,0,0.76027397260274,111,"OK",NA,"DD classifier"
"glass","LDA.DD","supervised",146,146,0,0.650684931506849,95,"OK",NA,"DD features"
"glass","SVM.DD","supervised",146,146,0,0.520547945205479,76,"OK",NA,"DD features"
"glass","LDA.poly","supervised",146,146,0,0.664383561643836,97,"OK",NA,"DD + polynomial features"
"glass","SVM.poly","supervised",146,146,0,0.520547945205479,76,"OK",NA,"DD + polynomial features"
"glass","SSL.orig","semi_supervised",146,146,0,0.780821917808219,114,"OK",NA,"Original representation"
"glass","SSL.DD","semi_supervised",146,146,0,0.657534246575342,96,"OK",NA,"DD features"
"glass","SSL.poly","semi_supervised",146,146,0,0.643835616438356,94,"OK",NA,"DD + polynomial features"
"groessen_MvsF","LDA.orig","supervised",230,230,0,0.891304347826087,205,"OK",NA,"Original representation"
"groessen_MvsF","SVM.orig","supervised",230,230,0,0.88695652173913,204,"OK",NA,"Original representation"
"groessen_MvsF","DD.alpha","supervised",230,230,0,0.869565217391304,200,"OK",NA,"DD classifier"
"groessen_MvsF","LDA.DD","supervised",230,230,0,0.81304347826087,187,"OK",NA,"DD features"
"groessen_MvsF","SVM.DD","supervised",230,230,0,0.726086956521739,167,"OK",NA,"DD features"
"groessen_MvsF","LDA.poly","supervised",230,230,0,0.808695652173913,186,"OK",NA,"DD + polynomial features"
"groessen_MvsF","SVM.poly","supervised",230,230,0,0.656521739130435,151,"OK",NA,"DD + polynomial features"
"groessen_MvsF","SSL.orig","semi_supervised",230,230,0,0.878260869565217,202,"OK",NA,"Original representation"
"groessen_MvsF","SSL.DD","semi_supervised",230,230,0,0.81304347826087,187,"OK",NA,"DD features"
"groessen_MvsF","SSL.poly","semi_supervised",230,230,0,0.795652173913043,183,"OK",NA,"DD + polynomial features"
"haberman","LDA.orig","supervised",306,306,0,0.748366013071895,229,"OK",NA,"Original representation"
"haberman","SVM.orig","supervised",306,306,0,0.72875816993464,223,"OK",NA,"Original representation"
"haberman","DD.alpha","supervised",306,306,0,0.722222222222222,221,"OK",NA,"DD classifier"
"haberman","LDA.DD","supervised",306,306,0,0.718954248366013,220,"OK",NA,"DD features"
"haberman","SVM.DD","supervised",306,306,0,0.735294117647059,225,"OK",NA,"DD features"
"haberman","LDA.poly","supervised",306,306,0,0.741830065359477,227,"OK",NA,"DD + polynomial features"
"haberman","SVM.poly","supervised",306,306,0,0.735294117647059,225,"OK",NA,"DD + polynomial features"
"haberman","SSL.orig","semi_supervised",306,306,0,0.722222222222222,221,"OK",NA,"Original representation"
"haberman","SSL.DD","semi_supervised",306,306,0,0.702614379084967,215,"OK",NA,"DD features"
"haberman","SSL.poly","semi_supervised",306,306,0,0.725490196078431,222,"OK",NA,"DD + polynomial features"
"heart","LDA.orig","supervised",270,270,0,0.837037037037037,226,"OK",NA,"Original representation"
"heart","SVM.orig","supervised",270,270,0,0.82962962962963,224,"OK",NA,"Original representation"
"heart","DD.alpha","supervised",270,270,0,0.837037037037037,226,"OK",NA,"DD classifier"
"heart","LDA.DD","supervised",270,270,0,0.618518518518518,167,"OK",NA,"DD features"
"heart","SVM.DD","supervised",270,270,0,0.555555555555556,150,"OK",NA,"DD features"
"heart","LDA.poly","supervised",270,9,261,0.666666666666667,6,"PARTIAL","variable 5 appears to be constant within groups","DD + polynomial features"
"heart","SVM.poly","supervised",270,270,0,0.555555555555556,150,"OK",NA,"DD + polynomial features"
"heart","SSL.orig","semi_supervised",270,270,0,0.688888888888889,186,"OK",NA,"Original representation"
"heart","SSL.DD","semi_supervised",270,270,0,0.596296296296296,161,"OK",NA,"DD features"
"heart","SSL.poly","semi_supervised",270,270,0,0.603703703703704,163,"OK",NA,"DD + polynomial features"
"hemophilia","LDA.orig","supervised",75,75,0,0.853333333333333,64,"OK",NA,"Original representation"
"hemophilia","SVM.orig","supervised",75,75,0,0.853333333333333,64,"OK",NA,"Original representation"
"hemophilia","DD.alpha","supervised",75,75,0,0.84,63,"OK",NA,"DD classifier"
"hemophilia","LDA.DD","supervised",75,75,0,0.813333333333333,61,"OK",NA,"DD features"
"hemophilia","SVM.DD","supervised",75,75,0,0.68,51,"OK",NA,"DD features"
"hemophilia","LDA.poly","supervised",75,75,0,0.8,60,"OK",NA,"DD + polynomial features"
"hemophilia","SVM.poly","supervised",75,75,0,0.6,45,"OK",NA,"DD + polynomial features"
"hemophilia","SSL.orig","semi_supervised",75,75,0,0.866666666666667,65,"OK",NA,"Original representation"
"hemophilia","SSL.DD","semi_supervised",75,75,0,0.786666666666667,59,"OK",NA,"DD features"
"hemophilia","SSL.poly","semi_supervised",75,75,0,0.76,57,"OK",NA,"DD + polynomial features"
"indian_liver_patient_1vs2","LDA.orig","supervised",579,579,0,0.701208981001727,406,"OK",NA,"Original representation"
"indian_liver_patient_1vs2","SVM.orig","supervised",579,579,0,0.715025906735751,414,"OK",NA,"Original representation"
"indian_liver_patient_1vs2","DD.alpha","supervised",579,579,0,0.690846286701209,400,"OK",NA,"DD classifier"
"indian_liver_patient_1vs2","LDA.DD","supervised",579,579,0,0.70293609671848,407,"OK",NA,"DD features"
"indian_liver_patient_1vs2","SVM.DD","supervised",579,579,0,0.715025906735751,414,"OK",NA,"DD features"
"indian_liver_patient_1vs2","LDA.poly","supervised",579,579,0,0.711571675302245,412,"OK",NA,"DD + polynomial features"
"indian_liver_patient_1vs2","SVM.poly","supervised",579,579,0,0.715025906735751,414,"OK",NA,"DD + polynomial features"
"indian_liver_patient_1vs2","SSL.orig","semi_supervised",579,579,0,0.692573402417962,401,"OK",NA,"Original representation"
"indian_liver_patient_1vs2","SSL.DD","semi_supervised",579,579,0,0.711571675302245,412,"OK",NA,"DD features"
"indian_liver_patient_1vs2","SSL.poly","semi_supervised",579,579,0,0.704663212435233,408,"OK",NA,"DD + polynomial features"
"indian_liver_patient_FvsM","LDA.orig","supervised",579,579,0,0.754749568221071,437,"OK",NA,"Original representation"
"indian_liver_patient_FvsM","SVM.orig","supervised",579,579,0,0.756476683937824,438,"OK",NA,"Original representation"
"indian_liver_patient_FvsM","DD.alpha","supervised",579,579,0,0.727115716753022,421,"OK",NA,"DD classifier"
"indian_liver_patient_FvsM","LDA.DD","supervised",579,579,0,0.746113989637306,432,"OK",NA,"DD features"
"indian_liver_patient_FvsM","SVM.DD","supervised",579,579,0,0.758203799654577,439,"OK",NA,"DD features"
"indian_liver_patient_FvsM","LDA.poly","supervised",579,579,0,0.740932642487047,429,"OK",NA,"DD + polynomial features"
"indian_liver_patient_FvsM","SVM.poly","supervised",579,579,0,0.758203799654577,439,"OK",NA,"DD + polynomial features"
"indian_liver_patient_FvsM","SSL.orig","semi_supervised",579,579,0,0.746113989637306,432,"OK",NA,"Original representation"
"indian_liver_patient_FvsM","SSL.DD","semi_supervised",579,579,0,0.730569948186529,423,"OK",NA,"DD features"
"indian_liver_patient_FvsM","SSL.poly","semi_supervised",579,579,0,0.72538860103627,420,"OK",NA,"DD + polynomial features"
"iris_setosavsversicolor","LDA.orig","supervised",100,100,0,1,100,"OK",NA,"Original representation"
"iris_setosavsversicolor","SVM.orig","supervised",100,100,0,1,100,"OK",NA,"Original representation"
"iris_setosavsversicolor","DD.alpha","supervised",100,100,0,1,100,"OK",NA,"DD classifier"
"iris_setosavsversicolor","SVM.DD","supervised",100,100,0,0.22,22,"OK",NA,"DD features"
"iris_setosavsversicolor","SVM.poly","supervised",100,100,0,0,0,"OK",NA,"DD + polynomial features"
"iris_setosavsversicolor","SSL.orig","semi_supervised",100,100,0,1,100,"OK",NA,"Original representation"
"iris_setosavsversicolor","SSL.DD","semi_supervised",100,100,0,0.76,76,"OK",NA,"DD features"
"iris_setosavsversicolor","SSL.poly","semi_supervised",100,100,0,0.75,75,"OK",NA,"DD + polynomial features"
"iris_setosavsvirginica","LDA.orig","supervised",100,100,0,1,100,"OK",NA,"Original representation"
"iris_setosavsvirginica","SVM.orig","supervised",100,100,0,1,100,"OK",NA,"Original representation"
"iris_setosavsvirginica","DD.alpha","supervised",100,100,0,1,100,"OK",NA,"DD classifier"
"iris_setosavsvirginica","SVM.DD","supervised",100,100,0,0.22,22,"OK",NA,"DD features"
"iris_setosavsvirginica","SVM.poly","supervised",100,100,0,0,0,"OK",NA,"DD + polynomial features"
"iris_setosavsvirginica","SSL.orig","semi_supervised",100,100,0,1,100,"OK",NA,"Original representation"
"iris_setosavsvirginica","SSL.DD","semi_supervised",100,100,0,0.78,78,"OK",NA,"DD features"
"iris_setosavsvirginica","SSL.poly","semi_supervised",100,100,0,0.78,78,"OK",NA,"DD + polynomial features"
"iris_versicolorvsvirginica","LDA.orig","supervised",100,100,0,0.97,97,"OK",NA,"Original representation"
"iris_versicolorvsvirginica","SVM.orig","supervised",100,100,0,0.93,93,"OK",NA,"Original representation"
"iris_versicolorvsvirginica","DD.alpha","supervised",100,100,0,0.97,97,"OK",NA,"DD classifier"
"iris_versicolorvsvirginica","LDA.DD","supervised",100,99,1,0.696969696969697,69,"PARTIAL","No valid DD columns for LDA after removing within-class constants.","DD features"
"iris_versicolorvsvirginica","SVM.DD","supervised",100,100,0,0.02,2,"OK",NA,"DD features"
"iris_versicolorvsvirginica","LDA.poly","supervised",100,99,1,0.767676767676768,76,"PARTIAL","No valid DD-poly columns for LDA after removing within-class constants.","DD + polynomial features"
"iris_versicolorvsvirginica","SVM.poly","supervised",100,100,0,0,0,"OK",NA,"DD + polynomial features"
"iris_versicolorvsvirginica","SSL.orig","semi_supervised",100,100,0,0.94,94,"OK",NA,"Original representation"
"iris_versicolorvsvirginica","SSL.DD","semi_supervised",100,100,0,0.75,75,"OK",NA,"DD features"
"iris_versicolorvsvirginica","SSL.poly","semi_supervised",100,100,0,0.76,76,"OK",NA,"DD + polynomial features"
"irish_ed_MvsF","LDA.orig","supervised",500,500,0,0.55,275,"OK",NA,"Original representation"
"irish_ed_MvsF","SVM.orig","supervised",500,500,0,0.588,294,"OK",NA,"Original representation"
"irish_ed_MvsF","DD.alpha","supervised",500,500,0,0.566,283,"OK",NA,"DD classifier"
"irish_ed_MvsF","LDA.DD","supervised",500,500,0,0.576,288,"OK",NA,"DD features"
"irish_ed_MvsF","SVM.DD","supervised",500,500,0,0,0,"OK",NA,"DD features"
"irish_ed_MvsF","LDA.poly","supervised",500,500,0,0.588,294,"OK",NA,"DD + polynomial features"
"irish_ed_MvsF","SVM.poly","supervised",500,500,0,0,0,"OK",NA,"DD + polynomial features"
"irish_ed_MvsF","SSL.orig","semi_supervised",500,500,0,0.592,296,"OK",NA,"Original representation"
"irish_ed_MvsF","SSL.DD","semi_supervised",500,500,0,0.568,284,"OK",NA,"DD features"
"irish_ed_MvsF","SSL.poly","semi_supervised",500,500,0,0.58,290,"OK",NA,"DD + polynomial features"
"kidney","LDA.orig","supervised",76,76,0,0.710526315789474,54,"OK",NA,"Original representation"
"kidney","SVM.orig","supervised",76,76,0,0.697368421052632,53,"OK",NA,"Original representation"
"kidney","DD.alpha","supervised",76,76,0,0.723684210526316,55,"OK",NA,"DD classifier"
"kidney","LDA.DD","supervised",76,76,0,0.736842105263158,56,"OK",NA,"DD features"
"kidney","SVM.DD","supervised",76,76,0,0.736842105263158,56,"OK",NA,"DD features"
"kidney","LDA.poly","supervised",76,76,0,0.75,57,"OK",NA,"DD + polynomial features"
"kidney","SVM.poly","supervised",76,76,0,0.736842105263158,56,"OK",NA,"DD + polynomial features"
"kidney","SSL.orig","semi_supervised",76,76,0,0.697368421052632,53,"OK",NA,"Original representation"
"kidney","SSL.DD","semi_supervised",76,76,0,0.763157894736842,58,"OK",NA,"DD features"
"kidney","SSL.poly","semi_supervised",76,76,0,0.763157894736842,58,"OK",NA,"DD + polynomial features"
"pima","LDA.orig","supervised",200,200,0,0.755,151,"OK",NA,"Original representation"
"pima","SVM.orig","supervised",200,200,0,0.72,144,"OK",NA,"Original representation"
"pima","DD.alpha","supervised",200,200,0,0.73,146,"OK",NA,"DD classifier"
"pima","LDA.DD","supervised",200,200,0,0.68,136,"OK",NA,"DD features"
"pima","SVM.DD","supervised",200,200,0,0.66,132,"OK",NA,"DD features"
"pima","LDA.poly","supervised",200,200,0,0.665,133,"OK",NA,"DD + polynomial features"
"pima","SVM.poly","supervised",200,200,0,0.66,132,"OK",NA,"DD + polynomial features"
"pima","SSL.orig","semi_supervised",200,200,0,0.695,139,"OK",NA,"Original representation"
"pima","SSL.DD","semi_supervised",200,200,0,0.66,132,"OK",NA,"DD features"
"pima","SSL.poly","semi_supervised",200,200,0,0.665,133,"OK",NA,"DD + polynomial features"
"plasma_retinol_MvsF","LDA.orig","supervised",315,315,0,0.857142857142857,270,"OK",NA,"Original representation"
"plasma_retinol_MvsF","SVM.orig","supervised",315,315,0,0.866666666666667,273,"OK",NA,"Original representation"
"plasma_retinol_MvsF","DD.alpha","supervised",315,315,0,0.86031746031746,271,"OK",NA,"DD classifier"
"plasma_retinol_MvsF","LDA.DD","supervised",315,315,0,0.853968253968254,269,"OK",NA,"DD features"
"plasma_retinol_MvsF","SVM.DD","supervised",315,315,0,0.866666666666667,273,"OK",NA,"DD features"
"plasma_retinol_MvsF","LDA.poly","supervised",315,315,0,0.86031746031746,271,"OK",NA,"DD + polynomial features"
"plasma_retinol_MvsF","SVM.poly","supervised",315,315,0,0.866666666666667,273,"OK",NA,"DD + polynomial features"
"plasma_retinol_MvsF","SSL.orig","semi_supervised",315,315,0,0.86984126984127,274,"OK",NA,"Original representation"
"plasma_retinol_MvsF","SSL.DD","semi_supervised",315,315,0,0.86984126984127,274,"OK",NA,"DD features"
"plasma_retinol_MvsF","SSL.poly","semi_supervised",315,315,0,0.86984126984127,274,"OK",NA,"DD + polynomial features"
"segmentation","LDA.orig","supervised",660,660,0,0.916666666666667,605,"OK",NA,"Original representation"
"segmentation","SVM.orig","supervised",660,660,0,0.948484848484848,626,"OK",NA,"Original representation"
"segmentation","DD.alpha","supervised",660,660,0,0.936363636363636,618,"OK",NA,"DD classifier"
"segmentation","LDA.DD","supervised",660,660,0,0.833333333333333,550,"OK",NA,"DD features"
"segmentation","SVM.DD","supervised",660,660,0,0.675757575757576,446,"OK",NA,"DD features"
"segmentation","LDA.poly","supervised",660,660,0,0.836363636363636,552,"OK",NA,"DD + polynomial features"
"segmentation","SVM.poly","supervised",660,660,0,0.00909090909090909,6,"OK",NA,"DD + polynomial features"
"segmentation","SSL.orig","semi_supervised",660,660,0,0.943939393939394,623,"OK",NA,"Original representation"
"segmentation","SSL.DD","semi_supervised",660,660,0,0.86969696969697,574,"OK",NA,"DD features"
"segmentation","SSL.poly","semi_supervised",660,660,0,0.856060606060606,565,"OK",NA,"DD + polynomial features"
"socmob_IvsNI","LDA.orig","supervised",1156,1156,0,0.656574394463668,759,"OK",NA,"Original representation"
"socmob_IvsNI","SVM.orig","supervised",1156,1156,0,0.570069204152249,659,"OK",NA,"Original representation"
"socmob_IvsNI","DD.alpha","supervised",1156,1156,0,0.718858131487889,831,"OK",NA,"DD classifier"
"socmob_IvsNI","LDA.DD","supervised",1156,1156,0,0.711072664359862,822,"OK",NA,"DD features"
"socmob_IvsNI","SVM.DD","supervised",1156,1156,0,0.576124567474048,666,"OK",NA,"DD features"
"socmob_IvsNI","LDA.poly","supervised",1156,1156,0,0.682525951557093,789,"OK",NA,"DD + polynomial features"
"socmob_IvsNI","SVM.poly","supervised",1156,1156,0,0.00951557093425606,11,"OK",NA,"DD + polynomial features"
"socmob_IvsNI","SSL.orig","semi_supervised",1156,1156,0,0.673010380622837,778,"OK",NA,"Original representation"
"socmob_IvsNI","SSL.DD","semi_supervised",1156,1156,0,0.711072664359862,822,"OK",NA,"DD features"
"socmob_IvsNI","SSL.poly","semi_supervised",1156,1156,0,0.701557093425606,811,"OK",NA,"DD + polynomial features"
"socmob_WvsB","LDA.orig","supervised",1156,1156,0,0.711072664359862,822,"OK",NA,"Original representation"
"socmob_WvsB","SVM.orig","supervised",1156,1156,0,0.779411764705882,901,"OK",NA,"Original representation"
"socmob_WvsB","DD.alpha","supervised",1156,1156,0,0.838235294117647,969,"OK",NA,"DD classifier"
"socmob_WvsB","LDA.DD","supervised",1156,1156,0,0.782006920415225,904,"OK",NA,"DD features"
"socmob_WvsB","SVM.DD","supervised",1156,1156,0,0.662629757785467,766,"OK",NA,"DD features"
"socmob_WvsB","LDA.poly","supervised",1156,1156,0,0.793252595155709,917,"OK",NA,"DD + polynomial features"
"socmob_WvsB","SVM.poly","supervised",1156,1156,0,0.603806228373702,698,"OK",NA,"DD + polynomial features"
"socmob_WvsB","SSL.orig","semi_supervised",1156,1156,0,0.799307958477509,924,"OK",NA,"Original representation"
"socmob_WvsB","SSL.DD","semi_supervised",1156,1156,0,0.820069204152249,948,"OK",NA,"DD features"
"socmob_WvsB","SSL.poly","semi_supervised",1156,1156,0,0.818339100346021,946,"OK",NA,"DD + polynomial features"
"tae","LDA.orig","supervised",151,151,0,0.827814569536424,125,"OK",NA,"Original representation"
"tae","SVM.orig","supervised",151,151,0,0.801324503311258,121,"OK",NA,"Original representation"
"tae","DD.alpha","supervised",151,151,0,0.880794701986755,133,"OK",NA,"DD classifier"
"tae","LDA.DD","supervised",151,151,0,0.814569536423841,123,"OK",NA,"DD features"
"tae","SVM.DD","supervised",151,151,0,0.80794701986755,122,"OK",NA,"DD features"
"tae","LDA.poly","supervised",151,151,0,0.794701986754967,120,"OK",NA,"DD + polynomial features"
"tae","SVM.poly","supervised",151,151,0,0.80794701986755,122,"OK",NA,"DD + polynomial features"
"tae","SSL.orig","semi_supervised",151,151,0,0.814569536423841,123,"OK",NA,"Original representation"
"tae","SSL.DD","semi_supervised",151,151,0,0.834437086092715,126,"OK",NA,"DD features"
"tae","SSL.poly","semi_supervised",151,151,0,0.834437086092715,126,"OK",NA,"DD + polynomial features"
"tennis_MvsF","LDA.orig","supervised",87,87,0,0.586206896551724,51,"OK",NA,"Original representation"
"tennis_MvsF","SVM.orig","supervised",87,87,0,0.551724137931034,48,"OK",NA,"Original representation"
"tennis_MvsF","DD.alpha","supervised",87,87,0,0.551724137931034,48,"OK",NA,"DD classifier"
"tennis_MvsF","LDA.DD","supervised",87,87,0,0.482758620689655,42,"OK",NA,"DD features"
"tennis_MvsF","SVM.DD","supervised",87,87,0,0.517241379310345,45,"OK",NA,"DD features"
"tennis_MvsF","LDA.poly","supervised",87,87,0,0.528735632183908,46,"OK",NA,"DD + polynomial features"
"tennis_MvsF","SVM.poly","supervised",87,87,0,0.517241379310345,45,"OK",NA,"DD + polynomial features"
"tennis_MvsF","SSL.orig","semi_supervised",87,87,0,0.494252873563218,43,"OK",NA,"Original representation"
"tennis_MvsF","SSL.DD","semi_supervised",87,87,0,0.425287356321839,37,"OK",NA,"DD features"
"tennis_MvsF","SSL.poly","semi_supervised",87,87,0,0.471264367816092,41,"OK",NA,"DD + polynomial features"
"tips_DvsN","LDA.orig","supervised",244,244,0,0.938524590163934,229,"OK",NA,"Original representation"
"tips_DvsN","SVM.orig","supervised",244,244,0,0.942622950819672,230,"OK",NA,"Original representation"
"tips_DvsN","DD.alpha","supervised",244,244,0,0.942622950819672,230,"OK",NA,"DD classifier"
"tips_DvsN","LDA.DD","supervised",244,244,0,0.799180327868853,195,"OK",NA,"DD features"
"tips_DvsN","SVM.DD","supervised",244,244,0,0.721311475409836,176,"OK",NA,"DD features"
"tips_DvsN","SVM.poly","supervised",244,244,0,0.721311475409836,176,"OK",NA,"DD + polynomial features"
"tips_DvsN","SSL.orig","semi_supervised",244,244,0,0.913934426229508,223,"OK",NA,"Original representation"
"tips_DvsN","SSL.DD","semi_supervised",244,244,0,0.84016393442623,205,"OK",NA,"DD features"
"tips_DvsN","SSL.poly","semi_supervised",244,244,0,0.84016393442623,205,"OK",NA,"DD + polynomial features"
"tips_MvsF","LDA.orig","supervised",244,244,0,0.635245901639344,155,"OK",NA,"Original representation"
"tips_MvsF","SVM.orig","supervised",244,244,0,0.627049180327869,153,"OK",NA,"Original representation"
"tips_MvsF","DD.alpha","supervised",244,244,0,0.561475409836066,137,"OK",NA,"DD classifier"
"tips_MvsF","LDA.DD","supervised",244,244,0,0.622950819672131,152,"OK",NA,"DD features"
"tips_MvsF","SVM.DD","supervised",244,244,0,0.64344262295082,157,"OK",NA,"DD features"
"tips_MvsF","LDA.poly","supervised",244,244,0,0.618852459016393,151,"OK",NA,"DD + polynomial features"
"tips_MvsF","SVM.poly","supervised",244,244,0,0.64344262295082,157,"OK",NA,"DD + polynomial features"
"tips_MvsF","SSL.orig","semi_supervised",244,244,0,0.565573770491803,138,"OK",NA,"Original representation"
"tips_MvsF","SSL.DD","semi_supervised",244,244,0,0.598360655737705,146,"OK",NA,"DD features"
"tips_MvsF","SSL.poly","semi_supervised",244,244,0,0.614754098360656,150,"OK",NA,"DD + polynomial features"
"uscrime_SvsN","LDA.orig","supervised",47,47,0,0.829787234042553,39,"OK",NA,"Original representation"
"uscrime_SvsN","SVM.orig","supervised",47,47,0,0.893617021276596,42,"OK",NA,"Original representation"
"uscrime_SvsN","DD.alpha","supervised",47,47,0,0.829787234042553,39,"OK",NA,"DD classifier"
"uscrime_SvsN","SVM.DD","supervised",47,47,0,0.659574468085106,31,"OK",NA,"DD features"
"uscrime_SvsN","SVM.poly","supervised",47,47,0,0.659574468085106,31,"OK",NA,"DD + polynomial features"
"uscrime_SvsN","SSL.orig","semi_supervised",47,47,0,0.74468085106383,35,"OK",NA,"Original representation"
"uscrime_SvsN","SSL.DD","semi_supervised",47,47,0,0.659574468085106,31,"OK",NA,"DD features"
"uscrime_SvsN","SSL.poly","semi_supervised",47,47,0,0.659574468085106,31,"OK",NA,"DD + polynomial features"
"vertebral_column","LDA.orig","supervised",310,310,0,0.841935483870968,261,"OK",NA,"Original representation"
"vertebral_column","SVM.orig","supervised",310,310,0,0.851612903225806,264,"OK",NA,"Original representation"
"vertebral_column","DD.alpha","supervised",310,310,0,0.816129032258065,253,"OK",NA,"DD classifier"
"vertebral_column","LDA.DD","supervised",310,310,0,0.741935483870968,230,"OK",NA,"DD features"
"vertebral_column","SVM.DD","supervised",310,310,0,0.67741935483871,210,"OK",NA,"DD features"
"vertebral_column","LDA.poly","supervised",310,310,0,0.758064516129032,235,"OK",NA,"DD + polynomial features"
"vertebral_column","SVM.poly","supervised",310,310,0,0.67741935483871,210,"OK",NA,"DD + polynomial features"
"vertebral_column","SSL.orig","semi_supervised",310,310,0,0.848387096774194,263,"OK",NA,"Original representation"
"vertebral_column","SSL.DD","semi_supervised",310,310,0,0.780645161290323,242,"OK",NA,"DD features"
"vertebral_column","SSL.poly","semi_supervised",310,310,0,0.787096774193548,244,"OK",NA,"DD + polynomial features"
"veteran_lung_cancer","LDA.orig","supervised",137,137,0,0.357664233576642,49,"OK",NA,"Original representation"
"veteran_lung_cancer","SVM.orig","supervised",137,137,0,0.467153284671533,64,"OK",NA,"Original representation"
"veteran_lung_cancer","DD.alpha","supervised",137,137,0,0.386861313868613,53,"OK",NA,"DD classifier"
"veteran_lung_cancer","LDA.DD","supervised",137,137,0,0.408759124087591,56,"OK",NA,"DD features"
"veteran_lung_cancer","SVM.DD","supervised",137,137,0,0.401459854014599,55,"OK",NA,"DD features"
"veteran_lung_cancer","LDA.poly","supervised",137,137,0,0.503649635036496,69,"OK",NA,"DD + polynomial features"
"veteran_lung_cancer","SVM.poly","supervised",137,137,0,0.401459854014599,55,"OK",NA,"DD + polynomial features"
"veteran_lung_cancer","SSL.orig","semi_supervised",137,137,0,0.554744525547445,76,"OK",NA,"Original representation"
"veteran_lung_cancer","SSL.DD","semi_supervised",137,137,0,0.474452554744526,65,"OK",NA,"DD features"
"veteran_lung_cancer","SSL.poly","semi_supervised",137,137,0,0.452554744525547,62,"OK",NA,"DD + polynomial features"
"vowel_MvsF","LDA.orig","supervised",990,990,0,0.998989898989899,989,"OK",NA,"Original representation"
"vowel_MvsF","SVM.orig","supervised",990,990,0,0.993939393939394,984,"OK",NA,"Original representation"
"vowel_MvsF","DD.alpha","supervised",990,990,0,0.98989898989899,980,"OK",NA,"DD classifier"
"vowel_MvsF","LDA.DD","supervised",990,990,0,0.711111111111111,704,"OK",NA,"DD features"
"vowel_MvsF","SVM.DD","supervised",990,990,0,0.533333333333333,528,"OK",NA,"DD features"
"vowel_MvsF","LDA.poly","supervised",990,25,965,0.8,20,"PARTIAL","variable 5 appears to be constant within groups","DD + polynomial features"
"vowel_MvsF","SVM.poly","supervised",990,990,0,0.533333333333333,528,"OK",NA,"DD + polynomial features"
"vowel_MvsF","SSL.orig","semi_supervised",990,990,0,0.995959595959596,986,"OK",NA,"Original representation"
"vowel_MvsF","SSL.DD","semi_supervised",990,990,0,0.671717171717172,665,"OK",NA,"DD features"
"vowel_MvsF","SSL.poly","semi_supervised",990,990,0,0.670707070707071,664,"OK",NA,"DD + polynomial features"
"wine_1vs2","LDA.orig","supervised",130,130,0,1,130,"OK",NA,"Original representation"
"wine_1vs2","SVM.orig","supervised",130,130,0,0.992307692307692,129,"OK",NA,"Original representation"
"wine_1vs2","DD.alpha","supervised",130,130,0,1,130,"OK",NA,"DD classifier"
"wine_1vs2","LDA.DD","supervised",130,13,117,0.923076923076923,12,"PARTIAL","No valid DD columns for LDA after removing within-class constants.","DD features"
"wine_1vs2","SVM.DD","supervised",130,130,0,0.546153846153846,71,"OK",NA,"DD features"
"wine_1vs2","LDA.poly","supervised",130,13,117,0.923076923076923,12,"PARTIAL","No valid DD-poly columns for LDA after removing within-class constants.","DD + polynomial features"
"wine_1vs2","SVM.poly","supervised",130,130,0,0.546153846153846,71,"OK",NA,"DD + polynomial features"
"wine_1vs2","SSL.orig","semi_supervised",130,130,0,0.976923076923077,127,"OK",NA,"Original representation"
"wine_1vs2","SSL.DD","semi_supervised",130,130,0,0.569230769230769,74,"OK",NA,"DD features"
"wine_1vs2","SSL.poly","semi_supervised",130,130,0,0.569230769230769,74,"OK",NA,"DD + polynomial features"
"wine_1vs3","LDA.orig","supervised",107,107,0,1,107,"OK",NA,"Original representation"
"wine_1vs3","SVM.orig","supervised",107,107,0,1,107,"OK",NA,"Original representation"
"wine_1vs3","DD.alpha","supervised",107,107,0,1,107,"OK",NA,"DD classifier"
"wine_1vs3","SVM.DD","supervised",107,107,0,0.551401869158878,59,"OK",NA,"DD features"
"wine_1vs3","SVM.poly","supervised",107,107,0,0.551401869158878,59,"OK",NA,"DD + polynomial features"
"wine_1vs3","SSL.orig","semi_supervised",107,107,0,0.953271028037383,102,"OK",NA,"Original representation"
"wine_1vs3","SSL.DD","semi_supervised",107,107,0,0.542056074766355,58,"OK",NA,"DD features"
"wine_1vs3","SSL.poly","semi_supervised",107,107,0,0.504672897196262,54,"OK",NA,"DD + polynomial features"
"wine_2vs3","LDA.orig","supervised",119,119,0,0.991596638655462,118,"OK",NA,"Original representation"
"wine_2vs3","SVM.orig","supervised",119,119,0,0.974789915966387,116,"OK",NA,"Original representation"
"wine_2vs3","DD.alpha","supervised",119,119,0,0.991596638655462,118,"OK",NA,"DD classifier"
"wine_2vs3","SVM.DD","supervised",119,119,0,0.596638655462185,71,"OK",NA,"DD features"
"wine_2vs3","SVM.poly","supervised",119,119,0,0.596638655462185,71,"OK",NA,"DD + polynomial features"
"wine_2vs3","SSL.orig","semi_supervised",119,119,0,0.899159663865546,107,"OK",NA,"Original representation"
"wine_2vs3","SSL.DD","semi_supervised",119,119,0,0.630252100840336,75,"OK",NA,"DD features"
"wine_2vs3","SSL.poly","semi_supervised",119,119,0,0.621848739495798,74,"OK",NA,"DD + polynomial features"
